<?xml version="1.0" encoding="UTF-8"?>
<project-private xmlns="http://www.netbeans.org/ns/project-private/1">
    <editor-bookmarks xmlns="http://www.netbeans.org/ns/editor-bookmarks/2" lastBookmarkId="0"/>
    <open-files xmlns="http://www.netbeans.org/ns/projectui-open-files/2">
        <group>
            <file>file:/C:/Users/Kostis%20T/Desktop/Project_Templates_A1/Netbeans_Template_A1/src/A13/Downloader.java</file>
            <file>file:/C:/Users/Kostis%20T/Desktop/Project_Templates_A1/Netbeans_Template_A1/src/A12/MagicSquareChecker.java</file>
            <file>file:/C:/Users/Kostis%20T/Desktop/Project_Templates_A1/Netbeans_Template_A1/src/A14/Sudoku.java</file>
            <file>file:/C:/Users/Kostis%20T/Desktop/Project_Templates_A1/Netbeans_Template_A1/src/A11/DrawF.java</file>
            <file>file:/C:/Users/Kostis%20T/Desktop/Project_Templates_A1/Netbeans_Template_A1/src/A13/MagicSquareCheckerFromFile.java</file>
            <file>file:/C:/Users/Kostis%20T/Desktop/Project_Templates_A1/Netbeans_Template_A1/src/A15/Encrypt.java</file>
            <file>file:/C:/Users/Kostis%20T/Desktop/Project_Templates_A1/Netbeans_Template_A1/src/TemplateValidator/ValidatorScript.java</file>
        </group>
    </open-files>
</project-private>
